{
  "score": 67.28561198636747,
  "parameters": {
    "PID_KP": 0.18,
    "PID_KI": 0.07,
    "PID_KD": 0.3,
    "PID_INTEGRAL_LIMIT": 60.0,
    "YAW_DEADBAND_DEG": 0.8,
    "MAX_ROTATE_SPEED": 64.0,
    "MIN_COMMAND_SPEED": 42.0,
    "COLOR_KP_X": 0.033,
    "COLOR_KD_X": 0.25,
    "COLOR_KP_Y": 0.033,
    "COLOR_KD_Y": 0.25,
    "COLOR_DEAD_ZONE": 4.0,
    "COLOR_CENTER_EXIT_ZONE": 6.0,
    "COLOR_INPUT_FILTER_ALPHA": 0.25,
    "COLOR_COMMAND_FILTER_ALPHA": 0.4,
    "COLOR_MAX_TRACKING_SPEED": 7.0,
    "COLOR_COMMAND_RAMP_STEP": 1.1,
    "MIN_TRANSLATE_SPEED": 2.0,
    "DRIVE_MAX_DUTY": 7500.0,
    "DRIVE_TRANSLATE_BIAS_DUTY": 4800.0
  },
  "detail": {
    "usable_samples": 26.0,
    "mean_abs_yaw_error": 2.511522727272727,
    "rms_color_error": 6.219618010397833,
    "rotate_std": 25.846153846153847,
    "vx_std": 0.496132474509897,
    "vy_std": 0.9114314084816607,
    "settled": 1.0,
    "settle_time_s": 4.719566399999167,
    "steady_mean_abs_yaw_error": 0.6575142857142857,
    "steady_rms_color_error": 1.830984113903564,
    "steady_rotate_std": 0.0,
    "steady_vx_std": 0.0,
    "steady_vy_std": 0.0,
    "locked_ratio": 0.7692307692307693,
    "center_ratio": 0.4230769230769231
  },
  "update_reason": "ai_round1_2",
  "created_at": "2026-07-16 03:29:10"
}