{
  "score": 51.40804881673432,
  "parameters": {
    "PID_KP": 0.14,
    "PID_KI": 0.07,
    "PID_KD": 0.3,
    "PID_INTEGRAL_LIMIT": 52.0,
    "YAW_DEADBAND_DEG": 0.7,
    "MAX_ROTATE_SPEED": 61.0,
    "MIN_COMMAND_SPEED": 42.0,
    "COLOR_KP_X": 0.033,
    "COLOR_KD_X": 0.25,
    "COLOR_KP_Y": 0.033,
    "COLOR_KD_Y": 0.25,
    "COLOR_DEAD_ZONE": 4.0,
    "COLOR_CENTER_EXIT_ZONE": 6.0,
    "COLOR_INPUT_FILTER_ALPHA": 0.25,
    "COLOR_COMMAND_FILTER_ALPHA": 0.4,
    "COLOR_MAX_TRACKING_SPEED": 7.0,
    "COLOR_COMMAND_RAMP_STEP": 1.1,
    "MIN_TRANSLATE_SPEED": 2.0,
    "DRIVE_MAX_DUTY": 7500.0,
    "DRIVE_TRANSLATE_BIAS_DUTY": 4800.0
  },
  "detail": {
    "usable_samples": 27.0,
    "mean_abs_yaw_error": 0.33132272727272727,
    "rms_color_error": 4.658253853829782,
    "rotate_std": 0.0,
    "vx_std": 0.39979859634646486,
    "vy_std": 0.48543445247975653,
    "settled": 1.0,
    "settle_time_s": 3.11704490000011,
    "steady_mean_abs_yaw_error": 0.3625583333333333,
    "steady_rms_color_error": 5.450696691994972,
    "steady_rotate_std": 0.0,
    "steady_vx_std": 0.39838273367314614,
    "steady_vy_std": 0.5510149757997105,
    "locked_ratio": 0.5555555555555556,
    "center_ratio": 0.4074074074074074,
    "failure_reason": "target_lost_often_but_recoverable"
  },
  "update_reason": "ai_round8_2",
  "created_at": "2026-07-13 17:51:30"
}